Indian Union Muslim League,https://images.indianexpress.com/2024/02/iuml.jpg
Bharatiya Janata Party,https://upload.wikimedia.org/wikipedia/hi/thumb/e/ec/Bharatiya_Janata_Party_logo.svg.png/800px-Bharatiya_Janata_Party_logo.svg.png
Telugu Desam,https://upload.wikimedia.org/wikipedia/commons/thumb/c/ca/Telugu_Desam_Party_Flag.png/75px-Telugu_Desam_Party_Flag.png
Yuvajana Sramika Rythu Congress Party,https://upload.wikimedia.org/wikipedia/commons/thumb/6/6d/Indian_Election_Symbol_Ceiling_Fan.svg/75px-Indian_Election_Symbol_Ceiling_Fan.svg.png
Janasena Party,https://upload.wikimedia.org/wikipedia/commons/thumb/1/11/Janasena_Party_Flag.png/104px-Janasena_Party_Flag.png
Asom Gana Parishad,https://static.magflags.net/media/catalog/product/cache/75170699113cf9b1963820a3ea1bab40/X/X/XX-asom_gana_parishad.png
Aam Aadmi Party,https://upload.wikimedia.org/wikipedia/commons/thumb/1/1c/Aam_Aadmi_Party_flag_%282%29.svg/75px-Aam_Aadmi_Party_flag_%282%29.svg.png
Indian National Congress,https://w7.pngwing.com/pngs/795/631/png-transparent-navi-mumbai-indian-national-congress-bharatiya-janata-party-all-india-trinamool-congress-nationalist-congress-party-s-of-political-parties-flag-text-hand.png
Shiromani Akali Dal,https://upload.wikimedia.org/wikipedia/commons/thumb/c/c2/SAD_flag.svg/75px-SAD_flag.svg.png
Dravida Munnetra Kazhagam,https://upload.wikimedia.org/wikipedia/commons/thumb/a/aa/Flag_DMK.svg/75px-Flag_DMK.svg.png
"United People’s Party, Liberal",https://pbs.twimg.com/profile_images/1266661719167959040/6IO-hUUa_400x400.jpg
Communist Party of India (Marxist-Leninist) (Liberation),https://upload.wikimedia.org/wikipedia/commons/thumb/6/65/CPIML_LIBERATION_FLAG.png/75px-CPIML_LIBERATION_FLAG.png
Rashtriya Janata Dal,https://upload.wikimedia.org/wikipedia/commons/thumb/3/33/RJD_Flag.svg/75px-RJD_Flag.svg.png
Janata Dal (United),https://upload.wikimedia.org/wikipedia/commons/thumb/7/71/Janata_Dal_%28United%29_Flag.svg/75px-Janata_Dal_%28United%29_Flag.svg.png
Hindustani Awam Morcha (Secular),https://pbs.twimg.com/profile_images/1339123336752689153/cw0y8EIs_400x400.jpg
Lok Janshakti Party(Ram Vilas),https://upload.wikimedia.org/wikipedia/en/b/ba/LJP_R_Logo.jpg
Independent,https://upload.wikimedia.org/wikipedia/commons/thumb/4/41/Swatantra-Party-flag.svg/75px-Swatantra-Party-flag.svg.png
Jammu & Kashmir National Conference,https://upload.wikimedia.org/wikipedia/commons/thumb/3/32/Flag_of_Jammu_and_Kashmir_%281936-1953%29.svg/75px-Flag_of_Jammu_and_Kashmir_%281936-1953%29.svg.png
Jharkhand Mukti Morcha,https://upload.wikimedia.org/wikipedia/commons/thumb/a/a5/Indian_Election_Symbol_Bow_And_Arrow.svg/75px-Indian_Election_Symbol_Bow_And_Arrow.svg.png
AJSU Party,https://upload.wikimedia.org/wikipedia/commons/thumb/e/e1/ANSU_Party_flag.jpg/75px-ANSU_Party_flag.jpg
Janata Dal (Secular),https://upload.wikimedia.org/wikipedia/commons/thumb/a/a6/JD%28S%29_Flag.png/75px-JD%28S%29_Flag.png
Communist Party of India (Marxist),https://upload.wikimedia.org/wikipedia/commons/thumb/7/72/CPI-M-flag.svg/75px-CPI-M-flag.svg.png
Revolutionary Socialist Party,https://upload.wikimedia.org/wikipedia/commons/thumb/1/1a/RSP-flag.svg/75px-RSP-flag.svg.png
Kerala Congress,https://upload.wikimedia.org/wikipedia/commons/thumb/a/a0/Kerala-Congress-flag.svg/75px-Kerala-Congress-flag.svg.png
Viduthalai Chiruthaigal Katchi,https://upload.wikimedia.org/wikipedia/commons/thumb/9/9a/Viduthalai_Chiruthaigal_Katchi_banner.png/75px-Viduthalai_Chiruthaigal_Katchi_banner.png
Nationalist Congress Party – Sharadchandra Pawar,https://upload.wikimedia.org/wikipedia/commons/thumb/1/12/Indian_Election_Symbol_Man_Blowing_Turha.png/75px-Indian_Election_Symbol_Man_Blowing_Turha.png
Shiv Sena,https://upload.wikimedia.org/wikipedia/commons/thumb/4/40/Shiv_Sena_flag.jpg/75px-Shiv_Sena_flag.jpg
Nationalist Congress Party ,https://upload.wikimedia.org/wikipedia/commons/thumb/9/93/Flag_of_Nationalist_Congress_Party.svg/75px-Flag_of_Nationalist_Congress_Party.svg.png
Shiv Sena (Uddhav Balasaheb Thackrey),https://upload.wikimedia.org/wikipedia/commons/thumb/c/c3/SS%28UBT%29_flag.png/75px-SS%28UBT%29_flag.png
Voice of the People Party,https://upload.wikimedia.org/wikipedia/commons/thumb/a/aa/Winnower_Symbol.png/75px-Winnower_Symbol.png
Zoram People’s Movement,https://upload.wikimedia.org/wikipedia/commons/thumb/7/76/Panama_hat_%28drawing%29.jpg/60px-Panama_hat_%28drawing%29.jpg
Rashtriya Loktantrik Party,https://upload.wikimedia.org/wikipedia/commons/thumb/5/52/Logo_Rashtriya_Loktantrik_party.png/75px-Logo_Rashtriya_Loktantrik_party.png
Sikkim Krantikari Morcha,https://upload.wikimedia.org/wikipedia/commons/thumb/e/e7/Sikkim_Krantikari_Morcha_flag.svg/75px-Sikkim_Krantikari_Morcha_flag.svg.png
Marumalarchi Dravida Munnetra Kazhagam,https://static.abplive.com/ani-images/MDMK_Logomarch31.jpg
All India Majlis-E-Ittehadul Muslimeen,https://upload.wikimedia.org/wikipedia/commons/thumb/9/9e/All_India_Majlis-e-Ittehadul_Muslimeen_logo.svg/75px-All_India_Majlis-e-Ittehadul_Muslimeen_logo.svg.png
Samajwadi Party,https://upload.wikimedia.org/wikipedia/commons/thumb/4/47/Samajwadi_Party_New_Flag.png/75px-Samajwadi_Party_New_Flag.png
Rashtriya Lok Dal,https://pbs.twimg.com/profile_images/1585160141120319488/iEK_zvcn_400x400.jpg
Apna Dal (Soneylal),https://upload.wikimedia.org/wikipedia/commons/thumb/0/0b/Indian_Election_Symbol_Cup_and_Saucer.jpg/75px-Indian_Election_Symbol_Cup_and_Saucer.jpg
Aazad Samaj Party (Kanshi Ram),https://pbs.twimg.com/profile_images/1783094870447640577/G8JS-P5B_400x400.jpg
All India Trinamool Congress,https://www.flagcolorcodes.com/data/Flag-of-All-India-Trinamool-Congress.png
